seed,method,generation,mauve,mauve_std,mauve_star,divergence,p_samples,q_samples,ref_seed,max_text_length,model_name,batch_size,kmeans_num_redo,kmeans_max_iter,num_buckets
4960,no_filter,0,0.4777968875384282,,0.5578420881579489,0.49556064421111734,1000,1000,4961,128,gpt2-large,32,1,100,auto
4960,pointwise,0,0.4897479140284967,,0.56023503439274,0.49873409653011247,1000,1000,4961,128,gpt2-large,32,1,100,auto
4960,set_aware,0,0.5649725955914544,,0.6494830842597241,0.5333739193233091,1000,1000,4961,128,gpt2-large,32,1,100,auto
4960,no_filter,1,0.36498001123845736,,0.45086980469993904,0.4472096153450903,1000,1000,4961,128,gpt2-large,32,1,100,auto
4960,pointwise,1,0.13864450869312586,,0.20435179438994908,0.3482429479495877,1000,1000,4961,128,gpt2-large,32,1,100,auto
4960,set_aware,1,0.38200750863473865,,0.4793140104090202,0.4545890471059747,1000,1000,4961,128,gpt2-large,32,1,100,auto
